<?xml version="1.0" encoding="UTF-8"?>
<project-private xmlns="http://www.netbeans.org/ns/project-private/1">
    <editor-bookmarks xmlns="http://www.netbeans.org/ns/editor-bookmarks/2" lastBookmarkId="0"/>
    <open-files xmlns="http://www.netbeans.org/ns/projectui-open-files/2">
        <group>
            <file>file:/D:/1-SinFloo/01-Projects/1-Sistema%20de%20Venta%20Java%20Web/app-web-sales/src/java/com/sinfloo/sales/config/ConnectDB.java</file>
            <file>file:/D:/1-SinFloo/01-Projects/1-Sistema%20de%20Venta%20Java%20Web/app-web-sales/web/WEB-INF/application.properties</file>
            <file>file:/D:/1-SinFloo/01-Projects/1-Sistema%20de%20Venta%20Java%20Web/app-web-sales/src/java/com/sinfloo/sales/controller/ServletContextProvider.java</file>
        </group>
    </open-files>
</project-private>
